<?xml version="1.0" encoding="UTF-8" standalone="yes"?>
<calibration>
    <equilibrage/>
    <etalonnage>
        <channel name="Reflection Differential" enabled="false">
            <value>
                <re>1.0</re>
                <im>0.0</im>
            </value>
        </channel>
        <channel name="Reflection Differential - Complete signal" enabled="false">
            <value>
                <re>1.0</re>
                <im>0.0</im>
            </value>
        </channel>
    </etalonnage>
</calibration>
