<?xml version="1.0" encoding="ISO-8859-1" standalone="no"?>
<!DOCTYPE CivaConfig PUBLIC "-//FR.CEA//DTD civaconfig.resources.dtd.CivaConfig//FR" "CivaConfig.dtd" >
<CivaConfig comment="" relativePath="" type="Civa" version="0" loading="Local" lm="" uniqueId="0" absolutePath="" name="reflection_diff_probe.civa">
  <Config comment="" version="2" isLoaded="true" idProcedure="1" configname="Configuration" tabidSourceOUT="1;2;3;"/>
  <Source comment="" type="ECField" isLoaded="true" id="1" repository="source3" keyForLayout="" sourcename="" uniqIdForConfig="-1"/>
  <Source comment="" type="ECField" isLoaded="true" id="2" repository="source4" keyForLayout="" sourcename="" uniqIdForConfig="-1"/>
  <Source comment="" type="ECField" isLoaded="true" id="3" repository="source5" keyForLayout="" sourcename="" uniqIdForConfig="-1"/>
  <Procedure id="1" repository="proc0" typeOperator="LoadXmlFile">
    <ProcLoadXmlFile>
      <FileModel filename="model.xml" typeModel="ChampSons"/>
    </ProcLoadXmlFile>
  </Procedure>
</CivaConfig>
