<?xml version="1.0" encoding="UTF-8"?>
<VersionContainer version="0">
  <IndicationsStatementModel>
    <indications />
    <characteristics>
      <ids class="java.util.Collections$UnmodifiableRandomAccessList" resolves-to="java.util.Collections$UnmodifiableList">
        <c class="list">
          <string>id</string>
          <string>visibility</string>
          <string>lockedIndication</string>
          <string>comment</string>
          <string>type</string>
          <string>amplitudeMaxDb</string>
          <string>amplitudeMaxPercent</string>
          <string>incMax</string>
          <string>scanningMax</string>
          <string>seqMax</string>
          <string>shotMax</string>
          <string>timeMax</string>
          <string>xMax</string>
          <string>yMax</string>
          <string>zMax</string>
          <string>rMax</string>
          <string>thetaMax</string>
          <string>dx</string>
          <string>dy</string>
          <string>dz</string>
          <string>boundingbox.xMin</string>
          <string>boundingbox.xMax</string>
          <string>boundingbox.yMin</string>
          <string>boundingbox.yMax</string>
          <string>boundingbox.zMin</string>
          <string>boundingbox.zMax</string>
          <string>boundingbox.incMin</string>
          <string>boundingbox.incMax</string>
          <string>boundingbox.scanningMin</string>
          <string>boundingbox.scanningMax</string>
          <string>boundingbox.seqMin</string>
          <string>boundingbox.seqMax</string>
          <string>boundingbox.shotMin</string>
          <string>boundingbox.shotMax</string>
          <string>boundingbox.timeMin</string>
          <string>boundingbox.timeMax</string>
          <string>boundingboxX0db.xMin</string>
          <string>boundingboxX0db.xMax</string>
          <string>boundingboxX0db.yMin</string>
          <string>boundingboxX0db.yMax</string>
          <string>boundingboxX0db.zMin</string>
          <string>boundingboxX0db.zMax</string>
          <string>boundingboxX0db.dx</string>
          <string>boundingboxX0db.dy</string>
          <string>boundingboxX0db.dz</string>
          <string>boundingboxX0db.incMin</string>
          <string>boundingboxX0db.incMax</string>
          <string>boundingboxX0db.scanningMin</string>
          <string>boundingboxX0db.scanningMax</string>
          <string>boundingboxX0db.seqMin</string>
          <string>boundingboxX0db.seqMax</string>
          <string>boundingboxX0db.shotMin</string>
          <string>boundingboxX0db.shotMax</string>
          <string>boundingboxX0db.timeMin</string>
          <string>boundingboxX0db.timeMax</string>
          <string>boundingboxX1db.xMin</string>
          <string>boundingboxX1db.xMax</string>
          <string>boundingboxX1db.yMin</string>
          <string>boundingboxX1db.yMax</string>
          <string>boundingboxX1db.zMin</string>
          <string>boundingboxX1db.zMax</string>
          <string>boundingboxX1db.dx</string>
          <string>boundingboxX1db.dy</string>
          <string>boundingboxX1db.dz</string>
          <string>boundingboxX1db.incMin</string>
          <string>boundingboxX1db.incMax</string>
          <string>boundingboxX1db.scanningMin</string>
          <string>boundingboxX1db.scanningMax</string>
          <string>boundingboxX1db.seqMin</string>
          <string>boundingboxX1db.seqMax</string>
          <string>boundingboxX1db.shotMin</string>
          <string>boundingboxX1db.shotMax</string>
          <string>boundingboxX1db.timeMin</string>
          <string>boundingboxX1db.timeMax</string>
          <string>boundingboxX2db.xMin</string>
          <string>boundingboxX2db.xMax</string>
          <string>boundingboxX2db.yMin</string>
          <string>boundingboxX2db.yMax</string>
          <string>boundingboxX2db.zMin</string>
          <string>boundingboxX2db.zMax</string>
          <string>boundingboxX2db.dx</string>
          <string>boundingboxX2db.dy</string>
          <string>boundingboxX2db.dz</string>
          <string>boundingboxX2db.incMin</string>
          <string>boundingboxX2db.incMax</string>
          <string>boundingboxX2db.scanningMin</string>
          <string>boundingboxX2db.scanningMax</string>
          <string>boundingboxX2db.seqMin</string>
          <string>boundingboxX2db.seqMax</string>
          <string>boundingboxX2db.shotMin</string>
          <string>boundingboxX2db.shotMax</string>
          <string>boundingboxX2db.timeMin</string>
          <string>boundingboxX2db.timeMax</string>
          <string>segmentNumber</string>
          <string>pointsCountBySegment</string>
          <string>groupNumber</string>
          <string>measuresCountByGroup</string>
          <string>segmentsCountByGroup</string>
          <string>Distance</string>
        </c>
        <list reference="../c" />
      </ids>
      <values />
    </characteristics>
  </IndicationsStatementModel>
</VersionContainer>
