<?xml version="1.0" encoding="UTF-8"?>
<VersionContainer version="0">
  <SavingIndicationsPreferencesContext>
    <displayedCharacteristicIds>
      <string>id</string>
      <string>dataset</string>
      <string>visibility</string>
      <string>lockedIndication</string>
      <string>comment</string>
      <string>type</string>
      <string>amplitudeMaxDb</string>
      <string>timeMax</string>
      <string>dx</string>
      <string>dy</string>
      <string>dz</string>
    </displayedCharacteristicIds>
    <indicationTypes>
      <IndicationType>
        <typeName>None</typeName>
        <typeBackgroundColor>
          <red>255</red>
          <green>0</green>
          <blue>0</blue>
          <alpha>255</alpha>
        </typeBackgroundColor>
        <typeForegroundColor>
          <red>255</red>
          <green>255</green>
          <blue>255</blue>
          <alpha>255</alpha>
        </typeForegroundColor>
      </IndicationType>
      <IndicationType>
        <typeName>Flaw</typeName>
        <typeBackgroundColor reference="../../IndicationType/typeForegroundColor" />
        <typeForegroundColor>
          <red>0</red>
          <green>0</green>
          <blue>0</blue>
          <alpha>255</alpha>
        </typeForegroundColor>
      </IndicationType>
      <IndicationType>
        <typeName>Geometry</typeName>
        <typeBackgroundColor>
          <red>0</red>
          <green>255</green>
          <blue>0</blue>
          <alpha>255</alpha>
        </typeBackgroundColor>
        <typeForegroundColor reference="../../IndicationType[2]/typeForegroundColor" />
      </IndicationType>
      <IndicationType>
        <typeName>Unknown</typeName>
        <typeBackgroundColor>
          <red>255</red>
          <green>255</green>
          <blue>0</blue>
          <alpha>255</alpha>
        </typeBackgroundColor>
        <typeForegroundColor reference="../../IndicationType[2]/typeForegroundColor" />
      </IndicationType>
    </indicationTypes>
    <thresholds>
      <double>-3.0</double>
      <double>-6.0</double>
      <double>-9.0</double>
    </thresholds>
  </SavingIndicationsPreferencesContext>
</VersionContainer>
